"Sample_date","Plot","Temp_experimental","CO2_treatment","depth2","datesitedepth","Bacteria_copy_dry","Archaea_copy_dry","GWC","DN_unfumigated_soil","MBN","DOC_unfumigated_soil","MBC","temp","PREC_6"
"2021-06-23",10,"9","E","0-10","2021-06-23 10 0-10",379275122.303355,21172226.4564151,850.067155067156,0.118001607462704,0.462041674959006,2.67578984977303,9.42707800676469,24.3375,1.6
"2021-06-23",10,"9","E","10-20","2021-06-23 10 10-20",465604183.517726,145220211.045701,1039.95246583482,0.106580357116413,0.570319250658078,2.96549627313863,13.1756112139627,20.0583333333333,1.6
"2021-06-23",10,"9","E","100-125","2021-06-23 10 100-125",142359777.819844,92162269.6646669,691.789467517485,0.215906940770986,0,2.64038219044661,6.19070421044387,13.4041666666667,1.6
"2021-06-23",10,"9","E","150-175","2021-06-23 10 150-175",49165025.5769151,1167051.20477496,661.27297008547,0.159241170743674,0.100558347110391,2.25680837357072,1.14037574896923,12.68125,1.6
"2021-06-23",10,"9","E","20-30","2021-06-23 10 20-30",288927245.517801,4651405.2496892,779.594232059021,0.232075402329788,0.318732446593635,2.50795633923197,8.87472956626012,17.6229166666667,1.6
"2021-06-23",10,"9","E","30-40","2021-06-23 10 30-40",87938411.4542218,24941489.9440336,471.182795698925,0.197849481524534,0.0560846844369475,1.7296550650313,5.0736837842192,16.5354166666667,1.6
"2021-06-23",10,"9","E","40-50","2021-06-23 10 40-50",30530391.3017413,11947599.6607925,572.988523439915,0.195119340346294,0.11295895121373,2.06121424610783,5.6698397461735,15.8333333333333,1.6
"2021-06-23",10,"9","E","50-75","2021-06-23 10 50-75",52695876.1772917,17389458.4503465,603.291267230677,0.185757250098104,0.0498920995085842,2.3070813303238,5.5713181738284,15.375,1.6
"2021-06-23",10,"9","E","75-100","2021-06-23 10 75-100",114931549.710122,55956524.6018882,759.601990049751,0.18510791304497,0.0343893476569569,2.76631123174984,7.20449304515722,14.3895833333334,1.6
"2021-06-23",11,"2.25","E","0-10","2021-06-23 11 0-10",234390103.385193,33938.7227850941,899.083546462064,0.106123972707478,1.23565512951462,3.99828928838078,5.34769547801883,16.4645833333333,1.8
"2021-06-23",11,"2.25","E","10-20","2021-06-23 11 10-20",204788871.825259,7062097.24746139,1282.02407348749,0.116320853183663,0.429755251382425,4.078618720365,0.0691870125252857,13.7916666666667,1.8
"2021-06-23",11,"2.25","E","100-125","2021-06-23 11 100-125",24011189.1197115,3153068.52254429,738.677248677249,0.121416682083388,0.213621685393647,2.77696603259972,1.12076662027732,6.275,1.8
"2021-06-23",11,"2.25","E","150-175","2021-06-23 11 150-175",24945336.3127538,3527929.74933282,684.615384615385,0.130153826904392,0.204950837578263,2.28586693088087,0.871974266980428,5.9375,1.8
"2021-06-23",11,"2.25","E","20-30","2021-06-23 11 20-30",140895101.692022,6790589.8300993,1123.94487510767,0.137535374480692,0.464721195473633,3.52457963966329,0.459685753458828,11.8708333333333,1.8
"2021-06-23",11,"2.25","E","30-40","2021-06-23 11 30-40",93755757.0990972,4723302.0218007,604.878907019733,0.133604893460119,0.19560556690159,2.07642964549758,0,10.8958333333333,1.8
"2021-06-23",11,"2.25","E","40-50","2021-06-23 11 40-50",21386758.2823887,111845.371943094,418.958106985652,0.0926944221017096,0.214063893508089,1.83648889508134,1.63064938136952,10.1333333333333,1.8
"2021-06-23",11,"2.25","E","50-75","2021-06-23 11 50-75",32371347.9800289,6548641.72728042,603.421848574579,0.149201331153386,0.23829078725511,2.74845720652092,1.397363296186,7.68333333333333,1.8
"2021-06-23",11,"2.25","E","75-100","2021-06-23 11 75-100",27348726.8542861,8095028.01368468,615.531987683886,0.123339232159744,0.134508534259363,2.40457806320562,0.801791025604174,6.97916666666667,1.8
"2021-06-23",13,"4.5","A","0-10","2021-06-23 13 0-10",382034343.531628,121626.705012085,1142.82972582972,0.0979644827519129,0.988193181077696,3.15091832124015,6.67678591692019,18.275,1.7
"2021-06-23",13,"4.5","A","10-20","2021-06-23 13 10-20",436387209.498205,5793279.94430086,1228.31728134054,0.142123475910631,0.458154410593921,3.64235226092065,2.12427681432591,15.3791666666667,1.7
"2021-06-23",13,"4.5","A","100-125","2021-06-23 13 100-125",94378608.8053688,16867951.321538,809.242379900852,0.14273829093719,0.168623574597793,4.12042471382714,0,9.34166666666667,1.7
"2021-06-23",13,"4.5","A","150-175","2021-06-23 13 150-175",83148173.6367181,332057.399319378,808.518518518519,0.156336902185907,0.102105404394938,3.59672313750949,0,8.559375,1.7
"2021-06-23",13,"4.5","A","20-30","2021-06-23 13 20-30",1059311622.95475,122871393.512497,798.320707070707,0.131873877599926,0.149758791987457,2.52854043438518,0.478297627120585,14.2604166666667,1.7
"2021-06-23",13,"4.5","A","30-40","2021-06-23 13 30-40",198787520.950942,1747232.52592376,547.664223716623,0.165665658869582,0.253362117989647,2.00995775299191,2.26378883442959,13.40625,1.7
"2021-06-23",13,"4.5","A","40-50","2021-06-23 13 40-50",148778663.772325,8047101.80667915,478.803163344039,0.171980651933886,0.0947536500312611,2.37027577791369,0,12.6791666666667,1.7
"2021-06-23",13,"4.5","A","50-75","2021-06-23 13 50-75",227979739.823656,24275415.3415515,495.944453698049,0.146362670030124,0.0962226837746447,2.36705700926951,0,12.0229166666667,1.7
"2021-06-23",13,"4.5","A","75-100","2021-06-23 13 75-100",70196910.5030853,2597257.91131919,615.597757630975,0.158495476735877,0.119162912754877,3.7401352167459,0,10.6822916666667,1.7
"2021-06-23",16,"6.75","E","0-10","2021-06-23 16 0-10",784464488.506192,16067657.9992528,1388.73806136964,0.146749985264791,0.752073376448723,4.204563479804,9.18295929729032,22.7479166666667,1.7
"2021-06-23",16,"6.75","E","10-20","2021-06-23 16 10-20",902546479.113704,852571.767462583,1330.64892623716,0.100270949428657,0.493710194655223,3.19491665835208,8.36948712068454,18.76875,1.7
"2021-06-23",16,"6.75","E","100-125","2021-06-23 16 100-125",71041474.981977,9249250.29250766,769.832735961768,0.226695389383425,0.0499853824387462,3.29502963735302,3.48544965714898,11.7041666666667,1.7
"2021-06-23",16,"6.75","E","150-175","2021-06-23 16 150-175",36599083.6868675,1890765.17961658,696.655634522483,0.201827386383053,0.0792118826635507,2.81080752645804,2.28101916640536,10.9010416666667,1.7
"2021-06-23",16,"6.75","E","20-30","2021-06-23 16 20-30",740529060.464545,8370006.50546625,921.56862745098,0.198344603498913,0.171516325078185,2.68705603697475,4.26906025773593,16.1979166666667,1.7
"2021-06-23",16,"6.75","E","30-40","2021-06-23 16 30-40",608272886.678695,4385381.79159103,1163.49279767411,0.290243465312608,0.265357397041147,3.4734578963794,5.73374067977008,15.3625,1.7
"2021-06-23",16,"6.75","E","40-50","2021-06-23 16 40-50",260573411.801903,16320789.8102566,792.733890386942,0.27308320662556,0.27354223505124,2.99994829748679,4.77481144650015,14.7666666666667,1.7
"2021-06-23",16,"6.75","E","50-75","2021-06-23 16 50-75",106711741.38374,13459015.2090962,615.020827855849,0.291133284892429,0,3.65970971360392,0.694540981229843,14.0375,1.7
"2021-06-23",16,"6.75","E","75-100","2021-06-23 16 75-100",160462888.443045,15437845.6686583,686.490026129628,0.276001459519078,0,3.92102609927649,0,12.8708333333333,1.7
"2021-06-23",17,"9","A","0-10","2021-06-23 17 0-10",2998882420.23612,57614438.9591777,1334.75256769374,0.432057211713356,0.485341784098148,3.32571764263398,6.87664411872506,23.3520833333333,1.8
"2021-06-23",17,"9","A","10-20","2021-06-23 17 10-20",1201936572.13177,136108332.396844,884.852477104711,0.24823234033186,0.284004641989455,2.77054105249192,5.20992893371378,19.8958333333333,1.8
"2021-06-23",17,"9","A","100-125","2021-06-23 17 100-125",56966154.0889448,3156520.69388,747.19413413799,0.182727747472773,0.0759776296101644,3.51623405423325,1.26826722037219,13.6979166666667,1.8
"2021-06-23",17,"9","A","150-175","2021-06-23 17 150-175",37275775.2781007,166606.912878098,709.239627474922,0.168286380421447,0,2.51786100225224,1.15157332280763,12.7489583333334,1.8
"2021-06-23",17,"9","A","20-30","2021-06-23 17 20-30",1231612873.31981,93104339.0197685,808.31417624521,0.311158131842688,0.0103073289110945,3.52577850575517,1.85226971400473,17.80625,1.8
"2021-06-23",17,"9","A","30-40","2021-06-23 17 30-40",303341568.13175,28125061.6465651,522.703387147831,0.326327175537324,0,4.33721816035393,0,17.0645833333333,1.8
"2021-06-23",17,"9","A","40-50","2021-06-23 17 40-50",106410325.940951,16101793.7638274,441.361600247142,0.271939724883132,0,3.88594698191967,0,16.4666666666667,1.8
"2021-06-23",17,"9","A","50-75","2021-06-23 17 50-75",72357451.6247327,7170224.36634865,569.413388543823,0.193905595845177,0.175536548694535,3.28972517130664,1.72746287127881,16,1.8
"2021-06-23",17,"9","A","75-100","2021-06-23 17 75-100",78174875.4366113,370491.364106289,802.916993207942,0.228898205584255,0.0269276575813784,4.44238062067423,1.21608710993862,14.8489583333333,1.8
"2021-06-23",19,"0","E","0-10","2021-06-23 19 0-10",730984832.496186,5154953.5550076,1441.97138314786,0.374144386061783,0.371796437864293,2.6141122023568,7.27094279447223,16.575,1.7
"2021-06-23",19,"0","E","10-20","2021-06-23 19 10-20",5452765.45302042,10048.9072765044,1055.23493730181,0.261965503465734,0.0506473554569781,2.23834795965672,3.4685565364466,15.3416666666667,1.7
"2021-06-23",19,"0","E","100-125","2021-06-23 19 100-125",33131542.8010757,5475441.08894312,827.303664646508,0.251543177671217,0,3.12830895547325,0.141294057636721,6.54791666666667,1.7
"2021-06-23",19,"0","E","150-175","2021-06-23 19 150-175",18574045.9746425,4899659.24320533,305.9861024088,0.0857189955360024,0,0.966702759260072,0.186310637877328,5.57395833333334,1.7
"2021-06-23",19,"0","E","20-30","2021-06-23 19 20-30",130013661.565,433934.919236451,658.414382476602,0.210994605441731,0.130744033262605,1.62334894606912,2.88900955007073,14.3104166666667,1.7
"2021-06-23",19,"0","E","30-40","2021-06-23 19 30-40",142317022.638439,218152.046443593,291.236086792335,0.112425331353027,0.0597512350950773,1.07249400942103,1.57545238167779,13.2791666666667,1.7
"2021-06-23",19,"0","E","50-75","2021-06-23 19 50-75",34430721.2011201,2594737.40743507,604.193229552755,0.241950130005808,0,2.83001029075505,0.141968534124363,10.6,1.7
"2021-06-23",19,"0","E","75-100","2021-06-23 19 75-100",36570570.6953635,93512.1368466615,791.27504553734,0.181473387864211,0.00611218310442666,2.99559505949642,2.06043106320431,8.57395833333334,1.7
"2021-06-23",20,"2.25","A","0-10","2021-06-23 20 0-10",100297228.55473,32123.0928100365,824.095672751859,0.122140806482568,1.5514767268613,3.77450631245264,14.5479492264939,19.2708333333333,1.8
"2021-06-23",20,"2.25","A","10-20","2021-06-23 20 10-20",192668089.730559,2804604.30623026,1024.79374728615,0.0739818293269581,0.476562450748507,2.71742045953836,6.49157236127678,15.85625,1.8
"2021-06-23",20,"2.25","A","100-125","2021-06-23 20 100-125",39551746.2862011,414402.72722025,861.170510132774,0.172245527499553,0.0117998905313503,3.04050672626576,0.852420822416284,7.84166666666667,1.8
"2021-06-23",20,"2.25","A","150-175","2021-06-23 20 150-175",22730393.4098215,11764907.5160095,844.708097928437,0.236265130608721,0.0040057793605606,2.16876908600114,0.527033509387698,6.72083333333333,1.8
"2021-06-23",20,"2.25","A","20-30","2021-06-23 20 20-30",254706022.383414,5135421.44970103,1092.37843551797,0.115169766246088,0.300416050231125,2.53877175622154,5.07485492048037,13.4791666666667,1.8
"2021-06-23",20,"2.25","A","30-40","2021-06-23 20 30-40",66860915.9068748,217937.78944629,394.628951954195,0.210558595136831,0,2.86851911851815,0,12.375,1.8
"2021-06-23",20,"2.25","A","40-50","2021-06-23 20 40-50",57514748.5158834,1367216.20464948,438.405207574022,0.225256003486051,0,3.10163461970574,0,11.4791666666667,1.8
"2021-06-23",20,"2.25","A","50-75","2021-06-23 20 50-75",50155020.2398433,4910429.31934675,586.157361914814,0.129304340819505,0.0840185025296378,1.77972335162231,1.70380263961235,10.7,1.8
"2021-06-23",20,"2.25","A","75-100","2021-06-23 20 75-100",26358549.3616558,12789171.5991237,730.072754507035,0.187663315811619,0,3.11099385411852,0.949626890817378,9.27083333333334,1.8
"2021-06-23",21,"Amb","A","0-10","2021-06-23 21 0-10",1193326189.43932,150589679.199002,1021.72261072261,0.0609075610531198,0.401710597908532,2.23206912185411,5.48489987376261,15.15625,1.9
"2021-06-23",21,"Amb","A","10-20","2021-06-23 21 10-20",711581371.141655,94678368.3692197,1091.0520083865,0.0578693430464098,0.118996907197264,2.23899377411727,3.38547722255893,12.7291666666667,1.9
"2021-06-23",21,"Amb","A","100-125","2021-06-23 21 100-125",126957043.565749,67145337.2889445,773.598435462842,0.100394686893274,0.055454814553502,2.31080239375253,1.93870230725176,6.03125,1.9
"2021-06-23",21,"Amb","A","150-175","2021-06-23 21 150-175",100793912.496413,83440135.7471191,888.127521145088,0.10439995253031,0.0924599448590415,2.47421690078922,1.49655039220214,5.265625,1.9
"2021-06-23",21,"Amb","A","20-30","2021-06-23 21 20-30",3762014138.16093,537193934.949739,714.110857432775,0.0749845513907942,0.219568069307895,1.63446056547862,3.53879300178257,11.3229166666667,1.9
"2021-06-23",21,"Amb","A","30-40","2021-06-23 21 30-40",591219185.861661,121108676.645787,414.86143972152,0.124074563387771,0,1.75128107158849,0.622634409903183,10.6041666666667,1.9
"2021-06-23",21,"Amb","A","40-50","2021-06-23 21 40-50",243489389.9948,246473441.895226,709.18633279289,0.191864097140233,0,3.0055536124707,0,9.81041666666667,1.9
"2021-06-23",21,"Amb","A","50-75","2021-06-23 21 50-75",401509798.540915,219797442.559193,681.90367787142,0.102022410602782,0.0844661364076516,1.82437423597216,2.92656160963907,9.11041666666667,1.9
"2021-06-23",21,"Amb","A","75-100","2021-06-23 21 75-100",317632317.198239,181838447.355934,749.941596262161,0.102377441824627,0.0705026213962112,2.52273270521565,2.11506462731792,7.57083333333333,1.9
"2021-06-23",4,"4.5","E","0-10","2021-06-23 4 0-10",8218730213.81369,8617219.00320514,891.9452887538,0.158409618234945,1.03312544468788,3.58096183922873,11.2542008224845,20.4604166666667,1.8
"2021-06-23",4,"4.5","E","10-20","2021-06-23 4 10-20",7748469532.23652,91169977.6453466,914.714453514133,0.110421030888556,0.151480184677328,3.67679171588712,1.63812034914505,17.5166666666667,1.8
"2021-06-23",4,"4.5","E","100-125","2021-06-23 4 100-125",16934088.4417288,10299149.3537664,705.003885003885,0.146868047309265,0.0160728438793301,2.86002532699082,1.60171450216019,10.55625,1.8
"2021-06-23",4,"4.5","E","150-175","2021-06-23 4 150-175",64895625.272727,15167942.1660597,816.848102146608,0.207090263115208,0,2.69513812612894,3.1179267482139,9.175,1.8
"2021-06-23",4,"4.5","E","20-30","2021-06-23 4 20-30",8918272660.98145,130412059.299096,1370.64516129033,0.174846673738549,0.0578543150107656,4.76029553893342,1.32176159313991,15.7833333333333,1.8
"2021-06-23",4,"4.5","E","30-40","2021-06-23 4 30-40",133639660.348391,33516898.6425287,482.02462380301,0.170991471729209,0,2.64084735844992,0.633829731209354,14.78125,1.8
"2021-06-23",4,"4.5","E","40-50","2021-06-23 4 40-50",58827352.6879244,34025202.8487336,569.482496194825,0.172026752316072,0,2.88623007357023,1.47342876640006,13.8541666666667,1.8
"2021-06-23",4,"4.5","E","50-75","2021-06-23 4 50-75",72683610.0452445,31060166.4653828,737.43258178603,0.15605397157618,0.026710365871709,3.31900401406983,1.83857692156936,13.0875,1.8
"2021-06-23",4,"4.5","E","75-100","2021-06-23 4 75-100",54360689.6197403,30478143.3088849,779.666861484512,0.197253015734004,0,3.80533263019752,1.35454061201354,11.821875,1.8
"2021-06-23",6,"0","A","0-10","2021-06-23 6 0-10",3363493574.46313,11877141.0582076,1641.07369580117,0.150364393033611,0.105624282126591,3.88852052967396,6.82900774830387,13.5,1.7
"2021-06-23",6,"0","A","10-20","2021-06-23 6 10-20",5062588536.83959,116505242.238171,1685.9072517896,0.160863647743957,0,4.04416190152508,5.35835541165291,10.2229166666667,1.7
"2021-06-23",6,"0","A","100-125","2021-06-23 6 100-125",15494221.1504654,22033135.7693361,768.3781119199,0.149894510830376,0.0593350863399397,3.39065877022053,3.74456820408716,3.79375,1.7
"2021-06-23",6,"0","A","150-175","2021-06-23 6 150-175",29867094.6640623,5170152.43143861,731.638602477561,0.171871798499459,0,3.48049429971861,1.60790395194883,3.31354166666666,1.7
"2021-06-23",6,"0","A","20-30","2021-06-23 6 20-30",288665190.542858,38483378.5699976,1823.44532861774,0.281234663816867,0,5.29440821009295,4.43437744330145,8.71041666666667,1.7
"2021-06-23",6,"0","A","30-40","2021-06-23 6 30-40",724979131.617973,239642356.574459,928.705450733752,0.254295073895031,0,2.79145643626505,3.92616096869331,7.70416666666667,1.7
"2021-06-23",6,"0","A","40-50","2021-06-23 6 40-50",958118260.175027,159370030.505765,768.731781438437,0.273940932152001,0,3.12057312909408,2.05117536826884,6.50416666666667,1.7
"2021-06-23",6,"0","A","50-75","2021-06-23 6 50-75",68537711.9487933,62560738.9438254,490.127362941493,0.126137349378176,0.0273564206049141,1.89082239098633,3.27554274532246,5.64791666666667,1.7
"2021-06-23",6,"0","A","75-100","2021-06-23 6 75-100",129651859.421516,22168780.1175068,736.968766001024,0.136277612362845,0.000960635568669532,3.04103818247239,4.00113039480015,4.72083333333333,1.7
"2021-06-23",7,"Amb","A","0-10","2021-06-23 7 0-10",3766757988.41938,10636217.4530393,1570.63476874003,0.23581679183935,2.73650759842985,5.21778733868333,30.1782837658961,11.1416666666667,1.8
"2021-06-23",7,"Amb","A","10-20","2021-06-23 7 10-20",7449587979.76586,65815546.6390452,2123.61111111111,0.152116291821583,1.38824693331468,5.03566344741396,19.3778822738729,10.1541666666667,1.8
"2021-06-23",7,"Amb","A","100-125","2021-06-23 7 100-125",53687175.2066254,24032036.4619535,802.34126984127,0.147764902359914,0.106718073954239,2.8481444214894,6.56885573913051,4.63333333333333,1.8
"2021-06-23",7,"Amb","A","150-175","2021-06-23 7 150-175",192673090.521307,79804647.3160713,1001.79068681894,0.155183164334877,0.0972091912041614,3.18374360989165,8.37585023170184,4.15208333333333,1.8
"2021-06-23",7,"Amb","A","20-30","2021-06-23 7 20-30",1608493587.91173,177822351.745234,1046.56337341138,0.151623631651459,0.296806090101295,2.73095440567293,8.95875824022788,8.91041666666667,1.8
"2021-06-23",7,"Amb","A","30-40","2021-06-23 7 30-40",1180692366.16758,211636277.292517,537.025316455696,0.123798553815347,0.106190877547074,1.71907102293595,4.77674106276456,8.22083333333333,1.8
"2021-06-23",7,"Amb","A","40-50","2021-06-23 7 40-50",865725446.826085,139614772.075174,446.863370547581,0.135562580390436,0,1.9090008985898,3.44906399209872,7.57916666666667,1.8
"2021-06-23",7,"Amb","A","50-75","2021-06-23 7 50-75",777057356.159907,239014141.574938,659.616061108598,0.155525112731989,0,2.79390094438093,5.4905813725204,7.00208333333333,1.8
"2021-06-23",7,"Amb","A","75-100","2021-06-23 7 75-100",73867645.6011804,43090409.6226502,540.314732692781,0.169657572717904,0.0462176724688002,2.37348411493738,4.92920281312542,5.81770833333333,1.8
"2021-06-23",8,"6.75","A","0-10","2021-06-23 8 0-10",647612702.31484,2611426.75438611,1093.85052673425,0.15978722240124,0.721961054331726,3.61509455767385,10.6808095018226,20.5979166666667,1.8
"2021-06-23",8,"6.75","A","10-20","2021-06-23 8 10-20",705450889.644142,7849537.42802771,1048.22586478597,0.0982678430499057,0.730446125795918,2.85100036053013,12.2025770097189,17.8395833333333,1.8
"2021-06-23",8,"6.75","A","100-125","2021-06-23 8 100-125",132561481.919218,11909621.9377252,693.374741200828,0.226939536122553,0.0802318454604258,2.93286138388134,5.64278821198431,11.6,1.8
"2021-06-23",8,"6.75","A","150-175","2021-06-23 8 150-175",43364797.5685431,450165.836650106,1017.70486881005,0.270798954696244,0.168681467351688,3.45239721581506,9.38101406618317,10.703125,1.8
"2021-06-23",8,"6.75","A","20-30","2021-06-23 8 20-30",162994321.265416,17035858.3414654,904.438750987056,0.32366125556628,0,3.11485800942775,5.94913597214348,16.4770833333333,1.8
"2021-06-23",8,"6.75","A","30-40","2021-06-23 8 30-40",271240707.517397,26017683.0189761,541.601310566828,0.245019020109169,0.08681748700912,2.17025446804099,3.40577525681808,14.7895833333333,1.8
"2021-06-23",8,"6.75","A","40-50","2021-06-23 8 40-50",78869061.0878018,8966757.3719176,599.607843137255,0.325994358343364,0,2.62163021755323,3.4264764543727,15.4604166666667,1.8
"2021-06-23",8,"6.75","A","50-75","2021-06-23 8 50-75",14153097.9759407,3259875.81298576,466.977605126417,0.257565948303638,0,1.915023065432,5.10329353498625,14.1416666666667,1.8
"2021-06-23",8,"6.75","A","75-100","2021-06-23 8 75-100",19512122.2189457,3421156.00047262,691.77774132998,0.301470123785147,0.032032368184654,3.54302939985586,5.87923649237463,12.8708333333333,1.8
"2021-08-24",10,"9","E","0-10","2021-08-24 10 0-10",1151083.47612001,297.078313779688,162.962962962963,0.1278366925,0.8119797213,8.239669250646,8.37089325525515,24.9895833333333,1.5
"2021-08-24",10,"9","E","10-20","2021-08-24 10 10-20",918534.668413704,261.703204601116,92.6829268292683,0.1016440976,0.3725277347,5.91305365853659,0,22.825,1.5
"2021-08-24",10,"9","E","100-125","2021-08-24 10 100-125",17409317.1564611,2368610.1353634,700,0.1399600571,0.03692502774,2.52311554921541,1.49120304327152,16.5604166666667,1.5
"2021-08-24",10,"9","E","150-175","2021-08-24 10 150-175",83597806.5975061,6514948.60626723,1370.58823529412,0.2467053774,0.08721167519,3.77833880333249,1.6078752984638,14.940625,1.5
"2021-08-24",10,"9","E","20-30","2021-08-24 10 20-30",2540148.43408537,655.037793667007,249.65034965035,0.05715591227,0.4164556403,1.34754450095359,5.55930281839373,21.2333333333333,1.5
"2021-08-24",10,"9","E","30-40","2021-08-24 10 30-40",133719277.711261,6290042.07956998,556.578947368421,0.1549301844,0.1773665201,1.36310278902384,3.25303005947918,20.3041666666667,1.5
"2021-08-24",10,"9","E","40-50","2021-08-24 10 40-50",28137441.2548499,510182.950117443,315.702479338843,0.09514308957,0,0.957707350773983,0.601521289932132,19.6125,1.5
"2021-08-24",10,"9","E","50-75","2021-08-24 10 50-75",44860503.4775894,18744620.1802719,471.590909090909,0.1697258073,0,2.24520256776034,0,19.06875,1.5
"2021-08-24",10,"9","E","75-100","2021-08-24 10 75-100",51738300.5601051,10120158.6280873,1184.61538461538,0.2185743881,0.1016565462,3.99748951048951,0.797551515151515,17.8145833333334,1.5
"2021-08-24",11,"2.25","E","0-10","2021-08-24 11 0-10",467502573.22578,1681321.26802777,1065.11627906977,0.0922772093,1.31368384,3.29681302325581,11.8350639020668,18.26875,1.8
"2021-08-24",11,"2.25","E","10-20","2021-08-24 11 10-20",150014792.559398,22300.2997018978,1150,0.1739484979,0.3385959291,3.08540772532189,7.53631061832099,17.2708333333333,1.8
"2021-08-24",11,"2.25","E","100-125","2021-08-24 11 100-125",19925328.0169265,1615431.72598878,749.152542372881,0.1603879322,0.2941039227,2.1255986440678,6.43291875497264,11.2,1.8
"2021-08-24",11,"2.25","E","150-175","2021-08-24 11 150-175",11417642.7644689,952193.773732292,824.074074074074,0.1958774143,0.1039734516,2.23922996680892,3.43946677212538,9.35,1.8
"2021-08-24",11,"2.25","E","20-30","2021-08-24 11 20-30",204685846.225227,6778121.82076171,719.672131147541,0.2616393443,0.2739432601,2.0144262295082,3.25913834752222,16.4145833333333,1.8
"2021-08-24",11,"2.25","E","30-40","2021-08-24 11 30-40",60692354.5634588,1965533.30978983,390.196078431373,0.1991955757,0.07169059457,1.01357466063348,3.44636240061077,15.8125,1.8
"2021-08-24",11,"2.25","E","40-50","2021-08-24 11 40-50",14356843.2347189,437825.161437884,365.740740740741,0.1017177778,0.07758675539,1.04959333333333,1.7962133963751,15.2145833333333,1.8
"2021-08-24",11,"2.25","E","50-75","2021-08-24 11 50-75",7331597.67039199,1353598.26320525,489.411764705882,0.1823404235,0.05419000755,1.78521035294118,2.95132119828816,14.6,1.8
"2021-08-24",11,"2.25","E","75-100","2021-08-24 11 75-100",16775201.8268052,1929622.12490593,1065.11627906977,0.1691748837,0.1102976744,2.91092651162791,2.75899534883721,12.9,1.8
"2021-08-24",13,"4.5","A","0-10","2021-08-24 13 0-10",9116127.78029,6104.94717953738,217.647058823529,0.02527401192,0.5647727448,1.25456541075774,7.05659451204162,19.7708333333333,1.6
"2021-08-24",13,"4.5","A","10-20","2021-08-24 13 10-20",49020375.5106597,292251.415161977,507.228915662651,0.04561503614,0.4717793842,1.39235161445783,5.63152838636598,18.45,1.6
"2021-08-24",13,"4.5","A","100-125","2021-08-24 13 100-125",13899735.8807517,2231553.54674511,833.333333333334,0.1187136364,0.1161599327,2.50122727272727,1.68438383838384,12.6791666666667,1.6
"2021-08-24",13,"4.5","A","150-175","2021-08-24 13 150-175",4664859.75020914,1949437.73046931,816.363636363636,0.1258786014,0.1061496607,1.84124867132867,2.90691083139083,10.8104166666667,1.6
"2021-08-24",13,"4.5","A","20-30","2021-08-24 13 20-30",170006065.087414,19024841.8495131,760.344827586207,0.07267958464,0.6779560693,2.36721923981191,7.72957257053292,17.6645833333333,1.6
"2021-08-24",13,"4.5","A","30-40","2021-08-24 13 30-40",68018294.8044155,7795535.791801,454.945054945055,0.08048126233,0.2428086568,1.21213280736358,3.56017745747729,16.9145833333333,1.6
"2021-08-24",13,"4.5","A","40-50","2021-08-24 13 40-50",13325040.4904058,1249782.0221199,415.463917525773,0.1532117367,0.1907493889,1.33350956031368,3.14702225355146,16.1458333333333,1.6
"2021-08-24",13,"4.5","A","50-75","2021-08-24 13 50-75",6101113.24477016,228319.006169083,461.797752808989,0.1543092441,0.05731330155,1.4505873340143,4.86636023152877,15.5375,1.6
"2021-08-24",13,"4.5","A","75-100","2021-08-24 13 75-100",15614015.4304663,4602564.3281949,1155,0.3273726496,0.07215853714,2.85685196581196,8.82363218248791,14.1083333333333,1.6
"2021-08-24",16,"6.75","E","0-10","2021-08-24 16 0-10",766045.583261979,622.112512232739,174.863387978142,0.138663082,0.9348941392,8.45699672131147,0,23.58125,1.6
"2021-08-24",16,"6.75","E","10-20","2021-08-24 16 10-20",49892833.5670027,35529.4902480578,504.819277108434,0.08421569187,0.5227292105,2.73229912517402,6.30214881072669,21.8458333333333,1.6
"2021-08-24",16,"6.75","E","100-125","2021-08-24 16 100-125",5872431.25567197,1936317.6847881,782.456140350878,0.1918812632,0.1945314346,3.15778105263158,3.46778155850873,15.0145833333333,1.6
"2021-08-24",16,"6.75","E","150-175","2021-08-24 16 150-175",13686361.9428557,2031098.04601011,784.210526315789,0.1906569501,0.08496187698,2.278995951417,4.80121048542101,13.2572916666666,1.6
"2021-08-24",16,"6.75","E","20-30","2021-08-24 16 20-30",42188663.9819339,63845.3622383291,520.987654320988,0.08477414296,NA,2.84023228951412,2.47824594099743,20.04375,1.6
"2021-08-24",16,"6.75","E","30-40","2021-08-24 16 30-40",159995636.890428,17891398.8615345,624.63768115942,0.2674782609,0.1838969404,2.30086956521739,0,19.2395833333333,1.6
"2021-08-24",16,"6.75","E","40-50","2021-08-24 16 40-50",47138633.1419747,5161592.98397359,407.070707070707,0.1833973333,0.1512449011,1.63195636363636,3.24425047422243,18.6166666666667,1.6
"2021-08-24",16,"6.75","E","50-75","2021-08-24 16 50-75",19113136.9094655,2828373.54465762,484.883720930233,0.1853071824,0.07361120154,1.39919538201241,2.36989663364445,17.83125,1.6
"2021-08-24",16,"6.75","E","75-100","2021-08-24 16 75-100",9665844.02129576,1364946.03552888,665.151515151515,0.2139376697,0.1231637446,2.37891374628217,1.65673681155949,16.4229166666667,1.6
"2021-08-24",17,"9","A","0-10","2021-08-24 17 0-10",75820586.6034455,316005.147290182,78.5714285714286,0.08595854922,0.6869286126,5.18704663212435,6.31322970639033,24.2416666666667,1.3
"2021-08-24",17,"9","A","10-20","2021-08-24 17 10-20",98257024.1144827,367766.380254327,176.315789473684,0.03519547803,0.2916818119,1.91429063412443,2.67717180036818,22.76875,1.3
"2021-08-24",17,"9","A","100-125","2021-08-24 17 100-125",8500886.59380499,7233098.93005794,497.619047619048,0.1435920228,0.1336711278,2.21108831908832,2.98409666465222,16.79375,1.3
"2021-08-24",17,"9","A","150-175","2021-08-24 17 150-175",12175872.4504395,7055053.94202049,807.272727272727,0.155248471,0.09623504661,2.20913790688627,2.66720062248736,15.0322916666666,1.3
"2021-08-24",17,"9","A","20-30","2021-08-24 17 20-30",301007478.401119,6251634.82353393,517.283950617284,0.05613590799,0.511352161,2.03123351271499,6.19019781321725,21.5395833333333,1.3
"2021-08-24",17,"9","A","30-40","2021-08-24 17 30-40",244287732.045819,17616282.1579259,518.518518518519,0.1822144983,0.3093986658,1.48613611902501,5.76908022932715,20.7479166666667,1.3
"2021-08-24",17,"9","A","40-50","2021-08-24 17 40-50",38917447.3216697,6869514.99853033,348.214285714286,0.1190191155,0.1706752259,0.912837945791726,4.00836138849263,20.0395833333333,1.3
"2021-08-24",17,"9","A","50-75","2021-08-24 17 50-75",66618788.904144,14934622.2142652,370.093457943925,0.1124057562,0.1620528114,1.28784239592184,1.79816936841859,19.5,1.3
"2021-08-24",17,"9","A","75-100","2021-08-24 17 75-100",12688551.2358897,6129349.50406274,496.428571428572,0.002572895863,0.3976672141,1.63807703281027,6.83621652283297,18.146875,1.3
"2021-08-24",19,"0","E","0-10","2021-08-24 19 0-10",16690489.1943819,30123.9829835793,339.130434782609,0.1431302265,1.82785,2.30745951575111,10.9621915589112,18.9458333333333,1.9
"2021-08-24",19,"0","E","10-20","2021-08-24 19 10-20",149970865.138051,629357.978781571,534.177215189874,0.03364477015,0.6339967949,1.53826313988872,5.52326557070062,18.6979166666667,1.9
"2021-08-24",19,"0","E","100-125","2021-08-24 19 100-125",14520745.2311543,1621992.40199553,777.19298245614,0.1168856521,0.1004413077,2.31879270215482,1.19128062667367,10.6,1.9
"2021-08-24",19,"0","E","150-175","2021-08-24 19 150-175",12964961.5378774,3357752.51617409,798.214285714286,0.1526270386,0.159111429,2.0713669527897,5.41858369098713,8.48020833333334,1.9
"2021-08-24",19,"0","E","20-30","2021-08-24 19 20-30",219130686.928663,26815133.6959335,1069.76744186047,0.07187051163,0.7387731266,2.75775013953489,7.65308651162791,18.35,1.9
"2021-08-24",19,"0","E","30-40","2021-08-24 19 30-40",151101879.820525,7864109.39624567,794.642857142857,0.06601158798,0.2082522651,2.14376394849785,3.88949928469242,17.6333333333333,1.9
"2021-08-24",19,"0","E","40-50","2021-08-24 19 40-50",12306781.9048187,1199063.75250564,1162.5,0.316938,0.2480111111,2.771844,3.50268,16.6,1.9
"2021-08-24",19,"0","E","50-75","2021-08-24 19 50-75",5389046.40294116,3894321.94650376,669.230769230769,0.1428146853,0.06730769231,2.06879370629371,1.31351981351981,15.2208333333333,1.9
"2021-08-24",19,"0","E","75-100","2021-08-24 19 75-100",6320688.71141175,1787406.92358965,528.75,0.09873782979,0.10044145,1.79196425531915,3.45607375886525,12.9104166666666,1.9
"2021-08-24",20,"2.25","A","0-10","2021-08-24 20 0-10",172147497.865521,488479.709699069,431.914893617021,0.05277567002,1.669482637,3.13976993352961,17.631549660566,20.2375,1.3
"2021-08-24",20,"2.25","A","10-20","2021-08-24 20 10-20",128198074.398781,480466.726138619,593.055555555556,0.03721235795,0.776405987,1.81100142045455,9.19558712121212,18.5229166666667,1.3
"2021-08-24",20,"2.25","A","100-125","2021-08-24 20 100-125",14601007.3881895,331642.26608887,782.456140350877,0.1200846316,0.05686939571,2.14119157894737,2.35792280701754,11.6583333333333,1.3
"2021-08-24",20,"2.25","A","20-30","2021-08-24 20 20-30",309904475.373535,7094156.21958897,733.333333333333,0.04,0.3348148148,1.9886,5.42977777777778,17.3,1.3
"2021-08-24",20,"2.25","A","30-40","2021-08-24 20 30-40",15038473.9145407,1518961.10621682,469.318181818182,0.1367335445,0.1088426225,1.37821970774602,1.68403724298461,16.4520833333333,1.3
"2021-08-24",20,"2.25","A","40-50","2021-08-24 20 40-50",33874364.1420587,7562345.70524039,357.798165137615,0.09446446361,0.08817821054,0.971634482848879,1.09080916296946,15.7041666666667,1.3
"2021-08-24",20,"2.25","A","50-75","2021-08-24 20 50-75",1748976.21374643,222689.302243302,487.058823529412,0.1164939095,0.03256785358,1.79805816900227,0.728477748874157,14.98125,1.3
"2021-08-24",20,"2.25","A","75-100","2021-08-24 20 75-100",7235975.10035629,486195.206941568,706.451612903226,0.09872617302,0.2163265722,2.38828812316716,1.5994623655914,13.3197916666666,1.3
"2021-08-24",21,"Amb","A","0-10","2021-08-24 21 0-10",830575063.64132,9294777.62315863,660.60606060606,0.05385090909,1.508704377,2.23800727272727,13.4759111111111,16.45625,1.9
"2021-08-24",21,"Amb","A","10-20","2021-08-24 21 10-20",3607065297.27755,77218528.7264244,698.412698412698,0.06382765152,0.9318343154,2.04820075757576,8.69241582491582,15.2541666666667,1.9
"2021-08-24",21,"Amb","A","100-125","2021-08-24 21 100-125",117487207.582428,108976935.658592,809.090909090909,0.09436983471,0.1390036731,2.87448347107438,2.08264462809917,9.79791666666667,1.9
"2021-08-24",21,"Amb","A","150-175","2021-08-24 21 150-175",85811175.0694598,74144944.6291842,827.777777777778,0.1116491726,0.1039929954,2.5115536643026,4.63792382453375,8.04895833333333,1.9
"2021-08-24",21,"Amb","A","20-30","2021-08-24 21 20-30",3192223748.31871,496114451.490207,861.538461538462,0.1162429845,0.3830258122,2.09075602509079,4.21782032940831,14.5354166666667,1.9
"2021-08-24",21,"Amb","A","30-40","2021-08-24 21 30-40",2525271019.93018,705262495.78183,594.444444444445,0.1672830725,0,1.95329540066382,0,14.1,1.9
"2021-08-24",21,"Amb","A","40-50","2021-08-24 21 40-50",375771406.300833,201301225.267818,381.730769230769,0.08104621969,0.2112315739,1.23416536815538,5.42617140348952,13.51875,1.9
"2021-08-24",21,"Amb","A","50-75","2021-08-24 21 50-75",521664326.082958,376533476.755305,623.188405797102,0.116989394,0.1842302117,2.63789418842647,5.51535184381181,12.90625,1.9
"2021-08-24",21,"Amb","A","75-100","2021-08-24 21 75-100",169237259.442411,160798616.145352,696.825396825397,0.07407415837,0.1135479339,2.4659649122807,1.43874400716506,11.3520833333333,1.9
"2021-08-24",4,"4.5","E","0-10","2021-08-24 4 0-10",344370620.727353,146116.253823842,123.4375,0.1410763659,1.077986812,7.56964817880795,7.39433479644746,21.58125,1.8
"2021-08-24",4,"4.5","E","10-20","2021-08-24 4 10-20",152665003.44315,441008.501640514,495.238095238095,0.07325746799,0.8804823717,1.95163584637269,8.4487231270857,20.16875,1.8
"2021-08-24",4,"4.5","E","100-125","2021-08-24 4 100-125",11106521.5278426,145918.863226875,726.229508196721,0.1415747793,0.06727158299,1.95100327868853,2.09249489696772,12.96875,1.8
"2021-08-24",4,"4.5","E","150-175","2021-08-24 4 150-175",7762231.45947199,224509.75857532,736.666666666667,0.1718401141,0,1.53713689015692,1.24716246631796,10.9739583333333,1.8
"2021-08-24",4,"4.5","E","20-30","2021-08-24 4 20-30",800743898.115265,32996874.2589674,1155,0.2817206838,0.1978283634,2.20721247863248,7.67185671415004,19.2520833333333,1.8
"2021-08-24",4,"4.5","E","30-40","2021-08-24 4 30-40",280313356.606428,7549713.76039049,762.068965517242,0.1225781135,0.3223916674,1.79911708441654,5.4783349592787,18.4270833333333,1.8
"2021-08-24",4,"4.5","E","40-50","2021-08-24 4 40-50",27738399.8614909,1690431.38039453,359.633027522936,0.03546976927,0.2018711248,1.14120127210145,1.87682543734909,17.4229166666667,1.8
"2021-08-24",4,"4.5","E","50-75","2021-08-24 4 50-75",21399715.4760651,2278100.70290809,544.871794871795,0.1656030769,0,1.51906,2.12033846153846,16.6625,1.8
"2021-08-24",4,"4.5","E","75-100","2021-08-24 4 75-100",18389696.824592,4161675.47701017,736.666666666667,0.1594352,0.05726518519,2.261008,1.48145777777778,14.815625,1.8
"2021-08-24",6,"0","A","0-10","2021-08-24 6 0-10",1017740226.06581,720019.569585761,918.367346938775,0.1866610851,1.853631376,3.84760333265596,17.3600487705751,16.61875,1.9
"2021-08-24",6,"0","A","10-20","2021-08-24 6 10-20",280296211.787832,696963.202932087,986.95652173913,0.08324043107,0.7280604941,2.19052396878484,8.38551383631475,15.1208333333333,1.9
"2021-08-24",6,"0","A","100-125","2021-08-24 6 100-125",23835745.5994643,913193.778985235,807.272727272727,0.14525669,0,2.32323853923854,1.86316769058103,10.2270833333333,1.9
"2021-08-24",6,"0","A","150-175","2021-08-24 6 150-175",29363104.9121206,6443583.20597051,754.237288135593,0.149252339,0.1429719745,1.59400677966102,3.77137004437332,7.36770833333332,1.9
"2021-08-24",6,"0","A","20-30","2021-08-24 6 20-30",253934630.473674,1034093.89419578,1157.5,0.07895880171,0.7467265811,2.4103530385164,9.20985106990014,14.18125,1.9
"2021-08-24",6,"0","A","30-40","2021-08-24 6 30-40",195526519.747022,4041594.03117127,1152.5,0.3644078174,0.3685435093,2.62829888730385,4.11167817403709,13.2791666666667,1.9
"2021-08-24",6,"0","A","40-50","2021-08-24 6 40-50",245976648.60378,26142376.0526838,1382.35294117647,0.3716045854,0.06051500594,2.64905537611915,4.64461247383067,12.3,1.9
"2021-08-24",6,"0","A","50-75","2021-08-24 6 50-75",26034275.4527455,206472.126840738,512.195121951219,0.1143900499,0.04637687238,1.20934972283814,3.6859155210643,11.4208333333333,1.9
"2021-08-24",6,"0","A","75-100","2021-08-24 6 75-100",17713601.4503353,2684980.27177492,635.294117647059,0.1101367794,0.03946515632,1.98246202903415,1.08472490279992,10.8239583333333,1.9
"2021-08-24",7,"Amb","A","0-10","2021-08-24 7 0-10",1893114947.73116,4888557.34200247,777.19298245614,0.1158794422,2.405369121,5.27965212175738,35.0377557518216,13.9395833333333,1.8
"2021-08-24",7,"Amb","A","10-20","2021-08-24 7 10-20",1056387126.94257,8668583.09135673,684.375,0.0573586771,0.6901728756,2.45742567567567,8.15038121454788,13.4604166666667,1.8
"2021-08-24",7,"Amb","A","100-125","2021-08-24 7 100-125",89552330.0566136,91282223.5971935,849.056603773585,0.1076629363,0.05556596604,2.16740089076039,1.94224060472541,8.06041666666667,1.8
"2021-08-24",7,"Amb","A","150-175","2021-08-24 7 150-175",28802882.9887669,31913026.984858,794.642857142857,0.132152983,0.01688169585,1.70304417613636,2.03537154945376,6.621875,1.8
"2021-08-24",7,"Amb","A","20-30","2021-08-24 7 20-30",3630398751.39235,110884893.743759,1152.5,0.1090955966,1.000782877,2.59856744318182,10.6479433774085,12.5416666666667,1.8
"2021-08-24",7,"Amb","A","30-40","2021-08-24 7 30-40",1724853408.44345,346220584.707155,947.916666666666,0.3824880884,0.2553474515,2.3099970042796,4.4243102342378,11.9,1.8
"2021-08-24",7,"Amb","A","40-50","2021-08-24 7 40-50",3668891748.11859,607295591.775193,898,0.3324619487,0.08910421955,2.13353634188034,3.38267934127601,11.2395833333333,1.8
"2021-08-24",7,"Amb","A","50-75","2021-08-24 7 50-75",1399538366.63477,208835712.632128,722.950819672131,0.1597227967,0.1104451024,1.22795516323385,2.67400756903489,10.5875,1.8
"2021-08-24",7,"Amb","A","75-100","2021-08-24 7 75-100",169011032.614987,198701146.720384,607.042253521127,0.1291341972,0.06543464548,1.9378614084507,0.976650289581746,9.32395833333334,1.8
"2021-08-24",8,"6.75","A","0-10","2021-08-24 8 0-10",281892428.828305,432086.05659333,353.636363636364,0.1573001836,0.8768456387,3.79753648002069,6.96439023723593,22.4104166666667,1.7
"2021-08-24",8,"6.75","A","10-20","2021-08-24 8 10-20",275279844.400234,3676706.78700143,480.459770114942,0.06348344631,0.6637816274,2.18094115335495,6.19583488212759,21.2208333333333,1.7
"2021-08-24",8,"6.75","A","100-125","2021-08-24 8 100-125",82460614.7672254,5400746.31318532,617.142857142857,0.2080082051,0,2.35639658119658,0.0109832768831324,14.8479166666667,1.7
"2021-08-24",8,"6.75","A","150-175","2021-08-24 8 150-175",24086627.6234938,1448735.7274049,549.35064935065,0.1370269216,0.02809488315,1.08029652750683,0.806880063515282,13.021875,1.7
"2021-08-24",8,"6.75","A","20-30","2021-08-24 8 20-30",245883011.058209,28300549.0650258,777.19298245614,0.1075391181,0.2931669708,3.7607247136333,0.890574533233811,20.45625,1.7
"2021-08-24",8,"6.75","A","30-40","2021-08-24 8 30-40",300918566.456346,43052902.3984128,636.764705882353,0.2022861176,0.07665427161,2.21029411764706,0.820257719019329,18.7229166666667,1.7
"2021-08-24",8,"6.75","A","40-50","2021-08-24 8 40-50",114664811.752656,3358278.74966275,411.224489795918,0.2243520292,0,1.1909323051948,1.4823961038961,19.5208333333333,1.7
"2021-08-24",8,"6.75","A","50-75","2021-08-24 8 50-75",18054935.2347387,1519100.82440339,341.228070175439,0.1503675051,0.03368131853,0.921556122832044,0.475846535025152,17.9291666666667,1.7
"2021-08-24",8,"6.75","A","75-100","2021-08-24 8 75-100",39702678.0282763,8218376.2236714,546.153846153846,0.1996089981,0,1.88459387687918,0,16.3885416666667,1.7
